conditions,replicates,Time,phage_reg,PRCI_int,gyrA
No CSP or DNA control,1st,2 hr,"29,177.43","273,271.66","30,491.623"
No CSP or DNA control,1st,2 hr,"11,883.93","320,670.72","19,409.780"
No CSP or DNA control,1st,2 hr,"11,861.16","341,259.90","16,791.293"
No DNA control,1st,2 hr,"32,885.50","224,541.27","13,997.813"
No DNA control,1st,2 hr,"160,651.47","291,006.10","23,318.320"
No DNA control,1st,2 hr,"133,393.81","349,800.03","23,351.040"
CSP + 1% pneumococcal,1st,2 hr,"192,548.31","645,523.30","13,061.947"
CSP + 1% pneumococcal,1st,2 hr,"370,980.12","1,030,104.40","28,319.920"
CSP + 1% pneumococcal,1st,2 hr,"245,941.58","879,758.25","11,661.643"
CSP + 99% pneumococcal,1st,2 hr,"437,573.34","429,822.72","278,043.530"
CSP + 99% pneumococcal,1st,2 hr,"383,999.50","430,278.66","203,294.160"
CSP + 99% pneumococcal,1st,2 hr,"325,718.70","534,168.10","184,592.720"
No CSP or DNA control,1st,4 hr,"46,085.15","374,186.16","36,591.260"
No CSP or DNA control,1st,4 hr,"54,754.92","554,718.80","39,148.375"
No CSP or DNA control,1st,4 hr,"32,319.63","482,022.72","41,031.574"
No DNA control,1st,4 hr,"340,456.06","717,349.60","32,286.668"
No DNA control,1st,4 hr,"462,127.25","854,976.90","32,267.355"
No DNA control,1st,4 hr,"274,753.25","875,455.80","33,368.617"
CSP + 1% pneumococcal,1st,4 hr,"656,473.40","1,132,035.40","43,331.906"
CSP + 1% pneumococcal,1st,4 hr,"852,770.30","1,782,115.10","53,397.220"
CSP + 1% pneumococcal,1st,4 hr,"417,004.20","1,194,381.60","30,417.916"
CSP + 99% pneumococcal,1st,4 hr,"568,565.60","790,776.20","198,890.330"
CSP + 99% pneumococcal,1st,4 hr,"651,928.40","1,052,419.40","180,551.950"
CSP + 99% pneumococcal,1st,4 hr,"646,407.40","1,093,811.10","167,345.620"
No CSP or DNA control,2nd,2 hr,"40,425.42","497,834.88","17,387.334"
No CSP or DNA control,2nd,2 hr,"51,838.09","532,651.00","20,631.145"
No CSP or DNA control,2nd,2 hr,"52,123.57","690,438.30","22,369.031"
No DNA control,2nd,2 hr,"206,574.42","231,798.88","14,661.472"
No DNA control,2nd,2 hr,"238,552.12","266,213.44","15,836.415"
No DNA control,2nd,2 hr,"168,249.78","231,190.97","7,100.231"
CSP + 1% pneumococcal,2nd,2 hr,"569,819.90","680,142.50","13,110.516"
CSP + 1% pneumococcal,2nd,2 hr,"730,139.50","748,185.20","14,349.918"
CSP + 1% pneumococcal,2nd,2 hr,"765,333.80","976,617.06","14,960.174"
CSP + 99% pneumococcal,2nd,2 hr,"1,088,884.40","644,415.25","70,959.336"
CSP + 99% pneumococcal,2nd,2 hr,"1,103,317.40","616,102.00","76,485.680"
CSP + 99% pneumococcal,2nd,2 hr,"1,246,524.60","672,870.94","62,966.406"
No CSP or DNA control,2nd,4 hr,"35,899.86","899,463.70","24,224.860"
No CSP or DNA control,2nd,4 hr,"52,033.26","787,046.56","21,674.021"
No CSP or DNA control,2nd,4 hr,"96,734.60","1,105,544.80","28,894.715"
No DNA control,2nd,4 hr,"425,461.84","756,134.20","22,481.816"
No DNA control,2nd,4 hr,"571,067.56","1,158,730.10","43,994.530"
No DNA control,2nd,4 hr,"622,954.94","1,190,971.20","43,105.940"
CSP + 1% pneumococcal,2nd,4 hr,"1,016,160.30","2,547,540.80","53,613.344"
CSP + 1% pneumococcal,2nd,4 hr,"1,540,319.60","2,675,655.80","39,822.863"
CSP + 1% pneumococcal,2nd,4 hr,"1,497,361.00","2,919,188.00","36,517.156"
CSP + 99% pneumococcal,2nd,4 hr,"3,238,840.00","1,618,763.10","47,345.340"
CSP + 99% pneumococcal,2nd,4 hr,"2,708,293.20","2,308,114.80","64,032.703"
CSP + 99% pneumococcal,2nd,4 hr,"2,278,342.20","2,477,942.50","75,312.160"
No CSP or DNA control,3rd,2 hr,"12,861.76","626,122.94","27,700.521"
No CSP or DNA control,3rd,2 hr,"49,796.84","733,219.06","31,415.787"
No CSP or DNA control,3rd,2 hr,"74,606.54","599,369.40","16,506.770"
No DNA control,3rd,2 hr,"338,727.70","346,475.94","12,088.035"
No DNA control,3rd,2 hr,"754,725.80","433,628.66","12,089.270"
No DNA control,3rd,2 hr,"733,609.20","469,272.53","22,022.592"
CSP + 1% pneumococcal,3rd,2 hr,"627,460.70","1,105,232.00","13,441.777"
CSP + 1% pneumococcal,3rd,2 hr,"603,284.50","1,510,603.50","11,829.341"
CSP + 1% pneumococcal,3rd,2 hr,,"1,402,940.80","9,768.728"
CSP + 99% pneumococcal,3rd,2 hr,"1,227,867.50","919,303.56","69,059.850"
CSP + 99% pneumococcal,3rd,2 hr,"1,515,978.40","1,227,510.60","88,580.086"
CSP + 99% pneumococcal,3rd,2 hr,"1,779,003.60","1,051,251.20","60,659.055"
No CSP or DNA control,3rd,4 hr,"120,353.13","822,077.50","14,133.948"
No CSP or DNA control,3rd,4 hr,"32,106.99","800,485.44","16,295.261"
No CSP or DNA control,3rd,4 hr,"100,430.18","811,211.70","32,033.630"
No DNA control,3rd,4 hr,"1,022,817.44","1,099,631.90","59,029.652"
No DNA control,3rd,4 hr,"2,314,422.80","1,413,066.20","64,295.320"
No DNA control,3rd,4 hr,"2,021,854.00","1,200,805.50","47,960.848"
CSP + 1% pneumococcal,3rd,4 hr,"856,561.20","2,554,753.50","32,130.023"
CSP + 1% pneumococcal,3rd,4 hr,"1,349,020.40","2,973,534.50","34,219.940"
CSP + 1% pneumococcal,3rd,4 hr,"1,528,444.00","3,558,824.50","43,976.406"
CSP + 99% pneumococcal,3rd,4 hr,"2,163,283.20","1,524,066.60","72,762.460"
CSP + 99% pneumococcal,3rd,4 hr,"2,570,137.80","1,364,636.00","72,742.130"
CSP + 99% pneumococcal,3rd,4 hr,"2,367,974.20","1,768,388.50","31,886.307"